model,rmse,mae
NeuMF,1.0012607614554565,0.7836309402287006
LSTM,0.99073471036077,0.7835378876273396
Content-Based,0.9983861244422684,0.7970634420275688
