model,rmse,mae
NeuMF,1.0012607614554565,0.7836309402287006
LSTM,0.9907347103607699,0.7835378876273396
