model,rmse,mae
Content-Based,0.9983861244422684,0.7970634420275688
