model,rmse,mae
LSTM,0.9907347103607699,0.7835378876273396
