model,rmse,mae
NeuMF,1.0012607614554565,0.7836309402287006
